<?xml version = '1.0' encoding = 'UTF-8'?>
<FKIndexAssociation class="oracle.dbtools.crest.model.design.relational.FKIndexAssociation" directorySegmentName="seg_0" id="09044905-5A52-D6C5-9C55-8A0D9FFB6B29" name="StatutCommande_Commande_FK">
<createdBy>Vincent Kelleher</createdBy>
<createdTime>2014-04-09 09:13:50 UTC</createdTime>
<ownerDesignName>Schéma</ownerDesignName>
<containerWithKeyObject>D4907EEE-6A1A-8057-0EDF-2BFB406C2807</containerWithKeyObject>
<deleteRule>NO ACTION</deleteRule>
<localFKIndex>A87A97CE-DE6E-28B9-F207-9FAA13E71400</localFKIndex>
<keyObject>A73EDDFD-53CB-BC93-25B5-E8B98073E126</keyObject>
<mandatory>true</mandatory>
<transferable>true</transferable>
<columnDependencyConstraintGenerateInDDL>true</columnDependencyConstraintGenerateInDDL>
</FKIndexAssociation>