<?xml version = '1.0' encoding = 'UTF-8'?>
<FKIndexAssociation class="oracle.dbtools.crest.model.design.relational.FKIndexAssociation" directorySegmentName="seg_0" id="11FD394A-FB9B-DED2-F236-4BA65EA90899" name="Adresse_Client_FK">
<createdBy>Vincent Kelleher</createdBy>
<createdTime>2014-04-09 10:24:23 UTC</createdTime>
<ownerDesignName>Schéma</ownerDesignName>
<containerWithKeyObject>3A9615C3-51DD-7DC4-4310-A1E71D33D588</containerWithKeyObject>
<deleteRule>NO ACTION</deleteRule>
<localFKIndex>B1C4B1DF-AE2D-3065-AEFE-C735EF1AB674</localFKIndex>
<keyObject>6E68538E-B560-24F3-9701-894DD2DA0B0C</keyObject>
<mandatory>true</mandatory>
<transferable>true</transferable>
<columnDependencyConstraintGenerateInDDL>true</columnDependencyConstraintGenerateInDDL>
</FKIndexAssociation>