<?xml version = '1.0' encoding = 'UTF-8'?>
<FKIndexAssociation class="oracle.dbtools.crest.model.design.relational.FKIndexAssociation" directorySegmentName="seg_0" id="9407F6F8-E963-6125-5F30-58DAF7F8776D" name="Categorie_Categorie_FK">
<createdBy>Vincent Kelleher</createdBy>
<createdTime>2014-04-09 08:52:20 UTC</createdTime>
<ownerDesignName>Schéma</ownerDesignName>
<containerWithKeyObject>404FED0E-8B77-5353-82F3-F8C5154601D7</containerWithKeyObject>
<deleteRule>NO ACTION</deleteRule>
<localFKIndex>32A63ED7-337E-A287-98C9-7E382D8FC8D3</localFKIndex>
<keyObject>BD3128FF-E2C5-35BA-55EF-16C895C6564F</keyObject>
<mandatory>true</mandatory>
<transferable>true</transferable>
<columnDependencyConstraintGenerateInDDL>true</columnDependencyConstraintGenerateInDDL>
</FKIndexAssociation>