<?xml version = '1.0' encoding = 'UTF-8'?>
<FKIndexAssociation class="oracle.dbtools.crest.model.design.relational.FKIndexAssociation" directorySegmentName="seg_0" id="96B1BBF3-FD91-5311-F554-98B4D99A686D" name="Produit_Fournisseur_FK">
<createdBy>Vincent Kelleher</createdBy>
<createdTime>2014-04-09 08:47:43 UTC</createdTime>
<ownerDesignName>Schéma</ownerDesignName>
<containerWithKeyObject>39DDEC0B-56EA-7A77-A98E-25AD834487EF</containerWithKeyObject>
<deleteRule>NO ACTION</deleteRule>
<localFKIndex>AA58CE7E-23F4-EED3-894A-96E389389C33</localFKIndex>
<keyObject>DCB92C3B-F962-24FD-3CE7-FE17134A6E74</keyObject>
<mandatory>true</mandatory>
<transferable>true</transferable>
<columnDependencyConstraintGenerateInDDL>true</columnDependencyConstraintGenerateInDDL>
</FKIndexAssociation>