<?xml version = '1.0' encoding = 'UTF-8'?>
<Table class="oracle.dbtools.crest.model.design.relational.Table" directorySegmentName="seg_0" id="2310E6DB-A0F8-F331-9607-B984CA09F661" name="MoyenPaiement">
<createdBy>Vincent Kelleher</createdBy>
<createdTime>2014-04-09 08:57:36 UTC</createdTime>
<ownerDesignName>Schéma</ownerDesignName>
<allowColumnReorder>false</allowColumnReorder>
<existDependencyGenerateInDDl>true</existDependencyGenerateInDDl>
<columns itemClass="oracle.dbtools.crest.model.design.relational.Column">
<Column name="id" id="29599BCD-E843-1DF2-F565-937FB698D696">
<createdBy>Vincent Kelleher</createdBy>
<createdTime>2014-04-09 08:58:03 UTC</createdTime>
<ownerDesignName>Schéma</ownerDesignName>
<useDomainConstraints>false</useDomainConstraints>
<use>1</use>
<logicalDatatype>LOGDT019</logicalDatatype>
<dataTypePrecision>2</dataTypePrecision>
<dataTypeScale>0</dataTypeScale>
<autoIncrementCycle>false</autoIncrementCycle>
</Column>
<Column name="libelle" id="C2F37DD1-09C4-957F-807D-058C6FDF6807">
<createdBy>Vincent Kelleher</createdBy>
<createdTime>2014-04-09 08:58:03 UTC</createdTime>
<ownerDesignName>Schéma</ownerDesignName>
<useDomainConstraints>false</useDomainConstraints>
<use>1</use>
<logicalDatatype>LOGDT037</logicalDatatype>
<dataTypeSize>30 CHAR</dataTypeSize>
<autoIncrementCycle>false</autoIncrementCycle>
</Column>
<Column name="prix" id="74A09CC1-E2B8-3388-F437-1A941F3257E8">
<createdBy>Vincent Kelleher</createdBy>
<createdTime>2014-04-09 08:58:21 UTC</createdTime>
<ownerDesignName>Schéma</ownerDesignName>
<useDomainConstraints>false</useDomainConstraints>
<use>1</use>
<logicalDatatype>LOGDT019</logicalDatatype>
<dataTypePrecision>5</dataTypePrecision>
<dataTypeScale>2</dataTypeScale>
<autoIncrementCycle>false</autoIncrementCycle>
</Column>
</columns>
<indexes itemClass="oracle.dbtools.crest.model.design.relational.Index">
<ind_PK_UK id="D36DB322-2158-F018-8DD8-A62EF9213B0C" name="MoyenPaiement_PK">
<createdBy>Vincent Kelleher</createdBy>
<createdTime>2014-04-09 08:58:03 UTC</createdTime>
<ownerDesignName>Schéma</ownerDesignName>
<pk>true</pk>
<indexState>Primary Constraint</indexState>
<isSurrogateKey>false</isSurrogateKey>
<indexColumnUsage>
<colUsage columnID="29599BCD-E843-1DF2-F565-937FB698D696"/>
</indexColumnUsage>
</ind_PK_UK>
</indexes>
</Table>