<?xml version = '1.0' encoding = 'UTF-8'?>
<Table class="oracle.dbtools.crest.model.design.relational.Table" directorySegmentName="seg_0" id="C3F28514-9A61-F542-7D87-FC80251E98F1" name="Fournisseur">
<createdBy>Vincent Kelleher</createdBy>
<createdTime>2014-04-09 08:45:07 UTC</createdTime>
<ownerDesignName>Schéma</ownerDesignName>
<allowColumnReorder>false</allowColumnReorder>
<existDependencyGenerateInDDl>true</existDependencyGenerateInDDl>
<columns itemClass="oracle.dbtools.crest.model.design.relational.Column">
<Column name="id" id="9303B76B-F91F-7EA5-D2A0-DB0E83C079F4">
<createdBy>Vincent Kelleher</createdBy>
<createdTime>2014-04-09 08:45:51 UTC</createdTime>
<ownerDesignName>Schéma</ownerDesignName>
<useDomainConstraints>false</useDomainConstraints>
<use>1</use>
<logicalDatatype>LOGDT019</logicalDatatype>
<dataTypePrecision>3</dataTypePrecision>
<dataTypeScale>0</dataTypeScale>
<autoIncrementCycle>false</autoIncrementCycle>
</Column>
<Column name="nom" id="005BC1E7-47C5-8D42-D8D0-20F1585A4441">
<createdBy>Vincent Kelleher</createdBy>
<createdTime>2014-04-09 08:45:51 UTC</createdTime>
<ownerDesignName>Schéma</ownerDesignName>
<useDomainConstraints>false</useDomainConstraints>
<use>1</use>
<logicalDatatype>LOGDT037</logicalDatatype>
<dataTypeSize>30 CHAR</dataTypeSize>
<autoIncrementCycle>false</autoIncrementCycle>
</Column>
<Column name="refAdresse" id="C2ACA54A-E19C-8A34-7D37-C6827EC615F8">
<createdBy>Vincent Kelleher</createdBy>
<createdTime>2014-04-09 08:46:31 UTC</createdTime>
<ownerDesignName>Schéma</ownerDesignName>
<useDomainConstraints>false</useDomainConstraints>
<use>1</use>
<logicalDatatype>LOGDT019</logicalDatatype>
<dataTypePrecision>7</dataTypePrecision>
<dataTypeScale>0</dataTypeScale>
<delegate>4E52A682-E9F0-5276-5841-359E3504A494</delegate>
<autoIncrementCycle>false</autoIncrementCycle>
<associations>
<colAssociation fkAssociation="09555C94-68CA-6214-4496-D7295306985A" referredColumn="4E52A682-E9F0-5276-5841-359E3504A494"/>
</associations>
</Column>
</columns>
<indexes itemClass="oracle.dbtools.crest.model.design.relational.Index">
<ind_PK_UK id="DCB92C3B-F962-24FD-3CE7-FE17134A6E74" name="Fournisseur_PK">
<createdBy>Vincent Kelleher</createdBy>
<createdTime>2014-04-09 08:45:51 UTC</createdTime>
<ownerDesignName>Schéma</ownerDesignName>
<pk>true</pk>
<indexState>Primary Constraint</indexState>
<isSurrogateKey>false</isSurrogateKey>
<indexColumnUsage>
<colUsage columnID="9303B76B-F91F-7EA5-D2A0-DB0E83C079F4"/>
</indexColumnUsage>
</ind_PK_UK>
<ind_PK_UK id="A6005246-C6FF-37C4-DB63-947B359DE207" name="Fournisseur_Adresse_FK">
<createdBy>Vincent Kelleher</createdBy>
<createdTime>2014-04-09 08:46:41 UTC</createdTime>
<ownerDesignName>Schéma</ownerDesignName>
<indexState>Foreign Key</indexState>
<isSurrogateKey>false</isSurrogateKey>
<indexColumnUsage>
<colUsage columnID="C2ACA54A-E19C-8A34-7D37-C6827EC615F8"/>
</indexColumnUsage>
</ind_PK_UK>
</indexes>
</Table>