<?xml version = '1.0' encoding = 'UTF-8'?>
<relationalModel class="oracle.dbtools.crest.model.design.relational.RelationalDesign" name="Relational_1" id="7F97CBBC-1F1C-6EB8-4144-F649911FB883" mainViewID="BA81F7F9-A6F0-D029-2342-7B482C878CCE">
<createdBy>Vincent Kelleher</createdBy>
<createdTime>2014-04-09 08:21:54 UTC</createdTime>
<ownerDesignName>Schéma</ownerDesignName>
<shouldBeOpen>false</shouldBeOpen>
<selectedRDBMSSite>32076570-2523-435C-2E92-BF29817DFF70</selectedRDBMSSite>
</relationalModel>