<?xml version = '1.0' encoding = 'UTF-8'?>
<Diagram class="oracle.dbtools.crest.swingui.relational.DPVRelational" name="Relational_1" id="BA81F7F9-A6F0-D029-2342-7B482C878CCE">
<createdBy>Vincent Kelleher</createdBy>
<createdTime>2014-04-09 08:23:58 UTC</createdTime>
<autoRoute>false</autoRoute>
<boxInbox>true</boxInbox>
<showLegend>false</showLegend>
<showLabels>false</showLabels>
<showRelAttributes>false</showRelAttributes>
<showGrid>false</showGrid>
<diagramColor>-1</diagramColor>
<display>false</display>
<notation>1</notation>
<objectViews>
<OView class="oracle.dbtools.crest.swingui.relational.TVTable" oid="2310E6DB-A0F8-F331-9607-B984CA09F661" otype="Table" vid="AC70A3ED-82FE-A115-CCFA-082F70AAE36D">
<hideElementsInCurrentOnly>false</hideElementsInCurrentOnly>
<bounds x="104" y="513" width="170" height="110"/>
</OView>
<OView class="oracle.dbtools.crest.swingui.relational.TVTable" oid="2B7515AD-AF95-8123-D4C7-28ED1070EEAC" otype="Table" vid="63C26161-A934-4A82-2810-4EB0C7A5F466">
<hideElementsInCurrentOnly>false</hideElementsInCurrentOnly>
<bounds x="56" y="18" width="222" height="166"/>
</OView>
<OView class="oracle.dbtools.crest.swingui.relational.TVTable" oid="39DDEC0B-56EA-7A77-A98E-25AD834487EF" otype="Table" vid="203B12D4-0C96-9203-A20D-13CA726B9DE8">
<hideElementsInCurrentOnly>false</hideElementsInCurrentOnly>
<bounds x="627" y="962" width="213" height="150"/>
</OView>
<OView class="oracle.dbtools.crest.swingui.relational.TVTable" oid="3A9615C3-51DD-7DC4-4310-A1E71D33D588" otype="Table" vid="5932A0A5-CA70-2F66-FB3F-0CE7A57E95D9">
<hideElementsInCurrentOnly>false</hideElementsInCurrentOnly>
<bounds x="712" y="256" width="229" height="226"/>
</OView>
<OView class="oracle.dbtools.crest.swingui.relational.TVTable" oid="404FED0E-8B77-5353-82F3-F8C5154601D7" otype="Table" vid="6647A9E2-6DA3-1533-1663-F2DEB4718FB8">
<hideElementsInCurrentOnly>false</hideElementsInCurrentOnly>
<bounds x="177" y="882" width="188" height="108"/>
</OView>
<OView class="oracle.dbtools.crest.swingui.relational.TVTable" oid="62DD689C-970A-06DE-8096-4E4C17915299" otype="Table" vid="B11E8CAC-6436-79FD-C22D-D4BCF5FEF6DE">
<hideElementsInCurrentOnly>false</hideElementsInCurrentOnly>
<bounds x="650" y="724" width="198" height="127"/>
</OView>
<OView class="oracle.dbtools.crest.swingui.relational.TVTable" oid="691BF891-9CD5-21F5-6973-3BCA043D9EDE" otype="Table" vid="08E73D7B-BE6A-8BFB-4356-CF467F107D9F">
<hideElementsInCurrentOnly>false</hideElementsInCurrentOnly>
<bounds x="68" y="264" width="170" height="110"/>
</OView>
<OView class="oracle.dbtools.crest.swingui.relational.TVTable" oid="AC6CED90-B601-1D3A-30E7-2412A8A212FD" otype="Table" vid="C25E5F23-50F2-C4BA-C0D5-78BEDBC4A624">
<hideElementsInCurrentOnly>false</hideElementsInCurrentOnly>
<bounds x="358" y="224" width="170" height="79"/>
</OView>
<OView class="oracle.dbtools.crest.swingui.relational.TVTable" oid="AE89C8B2-5D3D-6F2E-DD5A-9874C9FDFDC2" otype="Table" vid="7DE088BE-E99A-2FD5-612C-37309700ED63">
<hideElementsInCurrentOnly>false</hideElementsInCurrentOnly>
<bounds x="440" y="719" width="170" height="110"/>
</OView>
<OView class="oracle.dbtools.crest.swingui.relational.TVTable" oid="BF7DCBDE-D0CA-93C5-E3F6-6AB9341FBCD2" otype="Table" vid="51003B94-9D2F-D050-BCD5-666BC4CE16C7">
<hideElementsInCurrentOnly>false</hideElementsInCurrentOnly>
<bounds x="662" y="1140" width="170" height="110"/>
</OView>
<OView class="oracle.dbtools.crest.swingui.relational.TVTable" oid="C3F28514-9A61-F542-7D87-FC80251E98F1" otype="Table" vid="249C65CD-FB51-C2AB-EF72-AA1818BE7DFF">
<hideElementsInCurrentOnly>false</hideElementsInCurrentOnly>
<bounds x="822" y="582" width="189" height="110"/>
</OView>
<OView class="oracle.dbtools.crest.swingui.relational.TVTable" oid="D4907EEE-6A1A-8057-0EDF-2BFB406C2807" otype="Table" vid="4AEC97DE-8769-FB29-7878-29DFACB89A0F">
<hideElementsInCurrentOnly>false</hideElementsInCurrentOnly>
<bounds x="350" y="334" width="182" height="112"/>
</OView>
<OView class="oracle.dbtools.crest.swingui.relational.TVTable" oid="F42F542D-D52C-163F-7EFD-1442C4CE7D45" otype="Table" vid="5A41245A-FE21-F3F6-07E4-5F242F1C52DE">
<hideElementsInCurrentOnly>false</hideElementsInCurrentOnly>
<bounds x="365" y="484" width="244" height="176"/>
</OView>
</objectViews>
<connectors>
<Connector class="oracle.dbtools.crest.swingui.relational.TVFKRelation" oid="08882150-4ADB-2DA1-834B-8518B2206C0F" otype="FKIndexAssociation" vid_source="AC70A3ED-82FE-A115-CCFA-082F70AAE36D" vid_target="5A41245A-FE21-F3F6-07E4-5F242F1C52DE">
<hideElementsInCurrentOnly>false</hideElementsInCurrentOnly>
<lineWidth>1</lineWidth>
<points>
<point x="274" y="568"/>
<point x="365" y="569"/>
</points>
</Connector>
<Connector class="oracle.dbtools.crest.swingui.relational.TVFKRelation" oid="09044905-5A52-D6C5-9C55-8A0D9FFB6B29" otype="FKIndexAssociation" vid_source="5A41245A-FE21-F3F6-07E4-5F242F1C52DE" vid_target="4AEC97DE-8769-FB29-7878-29DFACB89A0F">
<hideElementsInCurrentOnly>false</hideElementsInCurrentOnly>
<lineWidth>1</lineWidth>
<points>
<point x="448" y="484"/>
<point x="448" y="446"/>
</points>
</Connector>
<Connector class="oracle.dbtools.crest.swingui.relational.TVFKRelation" oid="09555C94-68CA-6214-4496-D7295306985A" otype="FKIndexAssociation" vid_source="5932A0A5-CA70-2F66-FB3F-0CE7A57E95D9" vid_target="249C65CD-FB51-C2AB-EF72-AA1818BE7DFF">
<hideElementsInCurrentOnly>false</hideElementsInCurrentOnly>
<lineWidth>1</lineWidth>
<points>
<point x="870" y="482"/>
<point x="870" y="582"/>
</points>
</Connector>
<Connector class="oracle.dbtools.crest.swingui.relational.TVFKRelation" oid="0CB85E2A-BB19-33B8-6637-2CFA08081286" otype="FKIndexAssociation" vid_source="51003B94-9D2F-D050-BCD5-666BC4CE16C7" vid_target="203B12D4-0C96-9203-A20D-13CA726B9DE8">
<hideElementsInCurrentOnly>false</hideElementsInCurrentOnly>
<lineWidth>1</lineWidth>
<points>
<point x="747" y="1140"/>
<point x="747" y="1112"/>
</points>
</Connector>
<Connector class="oracle.dbtools.crest.swingui.relational.TVFKRelation" oid="11FD394A-FB9B-DED2-F236-4BA65EA90899" otype="FKIndexAssociation" vid_source="63C26161-A934-4A82-2810-4EB0C7A5F466" vid_target="5932A0A5-CA70-2F66-FB3F-0CE7A57E95D9">
<hideElementsInCurrentOnly>false</hideElementsInCurrentOnly>
<lineWidth>1</lineWidth>
<points>
<point x="278" y="92"/>
<point x="818" y="92"/>
<point x="818" y="256"/>
</points>
</Connector>
<Connector class="oracle.dbtools.crest.swingui.relational.TVFKRelation" oid="26DBDEB9-AE98-FD75-13EF-4F74486BA871" otype="FKIndexAssociation" vid_source="5932A0A5-CA70-2F66-FB3F-0CE7A57E95D9" vid_target="5A41245A-FE21-F3F6-07E4-5F242F1C52DE">
<hideElementsInCurrentOnly>false</hideElementsInCurrentOnly>
<lineWidth>1</lineWidth>
<points>
<point x="712" y="324"/>
<point x="586" y="324"/>
<point x="586" y="484"/>
</points>
</Connector>
<Connector class="oracle.dbtools.crest.swingui.relational.TVFKRelation" oid="30D399D0-E976-528E-1883-B21C00A3F423" otype="FKIndexAssociation" vid_source="6647A9E2-6DA3-1533-1663-F2DEB4718FB8" vid_target="203B12D4-0C96-9203-A20D-13CA726B9DE8">
<hideElementsInCurrentOnly>false</hideElementsInCurrentOnly>
<lineWidth>1</lineWidth>
<points>
<point x="365" y="922"/>
<point x="683" y="922"/>
<point x="683" y="962"/>
</points>
</Connector>
<Connector class="oracle.dbtools.crest.swingui.relational.TVFKRelation" oid="671E01F4-599F-7986-9150-0AAB97414CA0" otype="FKIndexAssociation" vid_source="5932A0A5-CA70-2F66-FB3F-0CE7A57E95D9" vid_target="5A41245A-FE21-F3F6-07E4-5F242F1C52DE">
<hideElementsInCurrentOnly>false</hideElementsInCurrentOnly>
<lineWidth>1</lineWidth>
<points>
<point x="777" y="482"/>
<point x="777" y="524"/>
<point x="609" y="524"/>
</points>
</Connector>
<Connector class="oracle.dbtools.crest.swingui.relational.TVFKRelation" oid="85310538-A88F-B000-BE48-D4D042398670" otype="FKIndexAssociation" vid_source="249C65CD-FB51-C2AB-EF72-AA1818BE7DFF" vid_target="5932A0A5-CA70-2F66-FB3F-0CE7A57E95D9">
<hideElementsInCurrentOnly>false</hideElementsInCurrentOnly>
<lineWidth>1</lineWidth>
<points>
<point x="914" y="582"/>
<point x="914" y="482"/>
</points>
</Connector>
<Connector class="oracle.dbtools.crest.swingui.relational.TVFKRelation" oid="865FCE09-37F6-FE32-1BB1-BF30F89AEF68" otype="FKIndexAssociation" vid_source="5A41245A-FE21-F3F6-07E4-5F242F1C52DE" vid_target="B11E8CAC-6436-79FD-C22D-D4BCF5FEF6DE">
<hideElementsInCurrentOnly>false</hideElementsInCurrentOnly>
<lineWidth>1</lineWidth>
<points>
<point x="609" y="590"/>
<point x="738" y="590"/>
<point x="738" y="724"/>
</points>
</Connector>
<Connector class="oracle.dbtools.crest.swingui.relational.TVFKRelation" oid="86A439B2-C12D-58C0-A2B2-8C8CC409D185" otype="FKIndexAssociation" vid_source="7DE088BE-E99A-2FD5-612C-37309700ED63" vid_target="5A41245A-FE21-F3F6-07E4-5F242F1C52DE">
<hideElementsInCurrentOnly>false</hideElementsInCurrentOnly>
<lineWidth>1</lineWidth>
<points>
<point x="525" y="719"/>
<point x="525" y="660"/>
</points>
</Connector>
<Connector class="oracle.dbtools.crest.swingui.relational.TVFKRelation" oid="9407F6F8-E963-6125-5F30-58DAF7F8776D" otype="FKIndexAssociation" vid_source="6647A9E2-6DA3-1533-1663-F2DEB4718FB8" vid_target="6647A9E2-6DA3-1533-1663-F2DEB4718FB8">
<hideElementsInCurrentOnly>false</hideElementsInCurrentOnly>
<lineWidth>1</lineWidth>
<points>
<point x="253" y="882"/>
<point x="253" y="853"/>
<point x="206" y="853"/>
<point x="206" y="882"/>
</points>
</Connector>
<Connector class="oracle.dbtools.crest.swingui.relational.TVFKRelation" oid="96B1BBF3-FD91-5311-F554-98B4D99A686D" otype="FKIndexAssociation" vid_source="249C65CD-FB51-C2AB-EF72-AA1818BE7DFF" vid_target="203B12D4-0C96-9203-A20D-13CA726B9DE8">
<hideElementsInCurrentOnly>false</hideElementsInCurrentOnly>
<lineWidth>1</lineWidth>
<points>
<point x="941" y="692"/>
<point x="941" y="1032"/>
<point x="840" y="1032"/>
</points>
</Connector>
<Connector class="oracle.dbtools.crest.swingui.relational.TVFKRelation" oid="B8885C14-9B74-7288-DBE7-53B440BDFDA6" otype="FKIndexAssociation" vid_source="203B12D4-0C96-9203-A20D-13CA726B9DE8" vid_target="B11E8CAC-6436-79FD-C22D-D4BCF5FEF6DE">
<hideElementsInCurrentOnly>false</hideElementsInCurrentOnly>
<lineWidth>1</lineWidth>
<points>
<point x="749" y="962"/>
<point x="749" y="724"/>
</points>
</Connector>
<Connector class="oracle.dbtools.crest.swingui.relational.TVFKRelation" oid="C3141DC9-91DB-19E7-92BD-5B8E273B348F" otype="FKIndexAssociation" vid_source="08E73D7B-BE6A-8BFB-4356-CF467F107D9F" vid_target="63C26161-A934-4A82-2810-4EB0C7A5F466">
<hideElementsInCurrentOnly>false</hideElementsInCurrentOnly>
<lineWidth>1</lineWidth>
<points>
<point x="154" y="264"/>
<point x="155" y="184"/>
</points>
</Connector>
<Connector class="oracle.dbtools.crest.swingui.relational.TVFKRelation" oid="F72AD047-A2FA-43C1-1C6F-4F99F3EEEECE" otype="FKIndexAssociation" vid_source="C25E5F23-50F2-C4BA-C0D5-78BEDBC4A624" vid_target="4AEC97DE-8769-FB29-7878-29DFACB89A0F">
<hideElementsInCurrentOnly>false</hideElementsInCurrentOnly>
<lineWidth>1</lineWidth>
<points>
<point x="446" y="303"/>
<point x="445" y="334"/>
</points>
</Connector>
</connectors>
</Diagram>